{
  "generated_by": "public seven-model benchmark; RF rebuilt on identical split, retained candidates from frozen v1.2 evidence",
  "release": "1.5.0",
  "selection_metric": "pr_auc",
  "selected_model_key": "extra_trees",
  "candidate_scope": [
    "baseline",
    "random_forest",
    "extra_trees",
    "xgboost",
    "lightgbm",
    "mlp_embeddings",
    "ft_transformer"
  ],
  "candidates": {
    "baseline": {
      "roc_auc": 0.6485736620714473,
      "pr_auc": 0.3585656191022253,
      "f1": 0.422360248447205,
      "precision": 0.27877641122674235,
      "recall": 0.870935960591133,
      "positive_rate_actual": 0.24218563588642328,
      "positive_rate_predicted": 0.7566213314244811,
      "n_samples": 4191,
      "baseline_positive_rate": 0.24218563588642328,
      "precision_at_top_5pct": 0.4666666666666667,
      "recall_at_top_5pct": 0.09655172413793103,
      "lift_at_top_5pct": 1.926896551724138,
      "n_at_top_5pct": 210,
      "precision_at_top_10pct": 0.4295942720763723,
      "recall_at_top_10pct": 0.17733990147783252,
      "lift_at_top_10pct": 1.7738222603665776,
      "n_at_top_10pct": 419,
      "precision_at_top_20pct": 0.383054892601432,
      "recall_at_top_20pct": 0.316256157635468,
      "lift_at_top_20pct": 1.5816581821601985,
      "n_at_top_20pct": 838,
      "brier_score": 0.32077142083669785,
      "log_loss": 0.8605331495799503,
      "expected_calibration_error": 0.3750832309379424,
      "mean_predicted_probability": 0.6172688668243658,
      "observed_positive_rate": 0.24218563588642328
    },
    "random_forest": {
      "roc_auc": 0.6632688513605738,
      "pr_auc": 0.3636721646965688,
      "f1": 0.44438233650083847,
      "precision": 0.31018337885290675,
      "recall": 0.7832512315270936,
      "positive_rate_actual": 0.24218563588642328,
      "positive_rate_predicted": 0.6115485564304461,
      "n_samples": 4191,
      "baseline_positive_rate": 0.24218563588642328,
      "precision_at_top_5pct": 0.46190476190476193,
      "recall_at_top_5pct": 0.09556650246305419,
      "lift_at_top_5pct": 1.9072343420126674,
      "n_at_top_5pct": 210,
      "precision_at_top_10pct": 0.4224343675417661,
      "recall_at_top_10pct": 0.17438423645320197,
      "lift_at_top_10pct": 1.7442585560271349,
      "n_at_top_10pct": 419,
      "precision_at_top_20pct": 0.39498806682577564,
      "recall_at_top_20pct": 0.32610837438423645,
      "lift_at_top_20pct": 1.6309310227259368,
      "n_at_top_20pct": 838,
      "brier_score": 0.2556908710346527,
      "log_loss": 0.7051677958128598,
      "expected_calibration_error": 0.2874650081553016,
      "mean_predicted_probability": 0.5296506440417249,
      "observed_positive_rate": 0.24218563588642328
    },
    "extra_trees": {
      "roc_auc": 0.6684862453623853,
      "pr_auc": 0.372751602150025,
      "f1": 0.443023902167871,
      "precision": 0.30855594270228415,
      "recall": 0.7852216748768472,
      "positive_rate_actual": 0.24218563588642328,
      "positive_rate_predicted": 0.6163206871868289,
      "n_samples": 4191,
      "baseline_positive_rate": 0.24218563588642328,
      "precision_at_top_5pct": 0.46190476190476193,
      "recall_at_top_5pct": 0.09556650246305419,
      "lift_at_top_5pct": 1.9072343420126674,
      "n_at_top_5pct": 210,
      "precision_at_top_10pct": 0.431980906921241,
      "recall_at_top_10pct": 0.17832512315270935,
      "lift_at_top_10pct": 1.7836768284797253,
      "n_at_top_10pct": 419,
      "precision_at_top_20pct": 0.40572792362768495,
      "recall_at_top_20pct": 0.33497536945812806,
      "lift_at_top_20pct": 1.6752765792351012,
      "n_at_top_20pct": 838,
      "brier_score": 0.2542757796759462,
      "log_loss": 0.7021560151278093,
      "expected_calibration_error": 0.2857917660823124,
      "mean_predicted_probability": 0.5279774019687357,
      "observed_positive_rate": 0.24218563588642328
    },
    "xgboost": {
      "roc_auc": 0.6565894454715787,
      "pr_auc": 0.35241213118819487,
      "f1": 0.3909217230199166,
      "precision": 0.3688811188811189,
      "recall": 0.41576354679802957,
      "positive_rate_actual": 0.24218563588642328,
      "positive_rate_predicted": 0.27296587926509186,
      "n_samples": 4191,
      "baseline_positive_rate": 0.24218563588642328,
      "precision_at_top_5pct": 0.40476190476190477,
      "recall_at_top_5pct": 0.08374384236453201,
      "lift_at_top_5pct": 1.6712878254750176,
      "n_at_top_5pct": 210,
      "precision_at_top_10pct": 0.4033412887828162,
      "recall_at_top_10pct": 0.1665024630541872,
      "lift_at_top_10pct": 1.6654220111219535,
      "n_at_top_10pct": 419,
      "precision_at_top_20pct": 0.37828162291169454,
      "recall_at_top_20pct": 0.31231527093596056,
      "lift_at_top_20pct": 1.5619490459339034,
      "n_at_top_20pct": 838,
      "brier_score": 0.19689875288197894,
      "log_loss": 0.5765359165655013,
      "expected_calibration_error": 0.11451572488279638,
      "mean_predicted_probability": 0.3525484406614405,
      "observed_positive_rate": 0.24218563588642328
    },
    "lightgbm": {
      "roc_auc": 0.6573423211028527,
      "pr_auc": 0.3577414350473994,
      "f1": 0.4495441685004716,
      "precision": 0.3301015697137581,
      "recall": 0.7044334975369458,
      "positive_rate_actual": 0.24218563588642328,
      "positive_rate_predicted": 0.5168217609162491,
      "n_samples": 4191,
      "baseline_positive_rate": 0.24218563588642328,
      "precision_at_top_5pct": 0.3952380952380952,
      "recall_at_top_5pct": 0.08177339901477833,
      "lift_at_top_5pct": 1.631963406052076,
      "n_at_top_5pct": 210,
      "precision_at_top_10pct": 0.4009546539379475,
      "recall_at_top_10pct": 0.16551724137931034,
      "lift_at_top_10pct": 1.6555674430088059,
      "n_at_top_10pct": 419,
      "precision_at_top_20pct": 0.38424821002386633,
      "recall_at_top_20pct": 0.31724137931034485,
      "lift_at_top_20pct": 1.5865854662167722,
      "n_at_top_20pct": 838,
      "brier_score": 0.2669580221415548,
      "log_loss": 0.7481996579867579,
      "expected_calibration_error": 0.26901874348931887,
      "mean_predicted_probability": 0.5108692423145204,
      "observed_positive_rate": 0.24218563588642328
    },
    "mlp_embeddings": {
      "roc_auc": 0.6480777940464816,
      "pr_auc": 0.34415151916307896,
      "f1": 0.4265803882528621,
      "precision": 0.2853812853812854,
      "recall": 0.8443349753694581,
      "positive_rate_actual": 0.24218563588642328,
      "positive_rate_predicted": 0.7165354330708661,
      "n_samples": 4191,
      "baseline_positive_rate": 0.24218563588642328,
      "precision_at_top_5pct": 0.41904761904761906,
      "recall_at_top_5pct": 0.08669950738916256,
      "lift_at_top_5pct": 1.7302744546094302,
      "n_at_top_5pct": 210,
      "precision_at_top_10pct": 0.4009546539379475,
      "recall_at_top_10pct": 0.16551724137931034,
      "lift_at_top_10pct": 1.6555674430088059,
      "n_at_top_10pct": 419,
      "precision_at_top_20pct": 0.3747016706443914,
      "recall_at_top_20pct": 0.30935960591133005,
      "lift_at_top_20pct": 1.5471671937641818,
      "n_at_top_20pct": 838,
      "brier_score": 0.30099222934283826,
      "log_loss": 0.804698608034119,
      "expected_calibration_error": 0.3487581020890884,
      "mean_predicted_probability": 0.5909437379755117,
      "observed_positive_rate": 0.24218563588642328
    },
    "ft_transformer": {
      "roc_auc": 0.6416007990966733,
      "pr_auc": 0.33299287348542117,
      "f1": 0.4260731319554849,
      "precision": 0.291409931134469,
      "recall": 0.7921182266009852,
      "positive_rate_actual": 0.24218563588642328,
      "positive_rate_predicted": 0.658315437842997,
      "n_samples": 4191,
      "baseline_positive_rate": 0.24218563588642328,
      "precision_at_top_5pct": 0.3333333333333333,
      "recall_at_top_5pct": 0.06896551724137931,
      "lift_at_top_5pct": 1.3763546798029556,
      "n_at_top_5pct": 210,
      "precision_at_top_10pct": 0.34844868735083534,