{
  "main_model": {
    "model_name": "extra_trees",
    "metrics": {
      "roc_auc": 0.5923976191461576,
      "pr_auc": 0.23287554579857644,
      "f1": 0.3216494845360825,
      "precision": 0.22678813723589844,
      "recall": 0.552930056710775,
      "positive_rate_actual": 0.1786407766990291,
      "positive_rate_predicted": 0.43554242296327567,
      "n_samples": 11845,
      "baseline_positive_rate": 0.1786407766990291,
      "precision_at_top_5pct": 0.28378378378378377,
      "recall_at_top_5pct": 0.07939508506616257,
      "lift_at_top_5pct": 1.588572267920094,
      "n_at_top_5pct": 592,
      "precision_at_top_10pct": 0.25591216216216217,
      "recall_at_top_10pct": 0.14319470699432893,
      "lift_at_top_10pct": 1.4325517773207992,
      "n_at_top_10pct": 1184,
      "precision_at_top_20pct": 0.24314056563951034,
      "recall_at_top_20pct": 0.2722117202268431,
      "lift_at_top_20pct": 1.3610586011342156,
      "n_at_top_20pct": 2369
    },
    "calibration": {
      "fraction_of_positives": [
        0.05442176870748299,
        0.12356979405034325,
        0.15034106412005457,
        0.20634920634920634,
        0.2371559633027523,
        0.37662337662337664
      ],
      "mean_predicted_probability": [
        0.282474026009255,
        0.36598672679260064,
        0.4472156344397308,
        0.5501565566840949,
        0.6357619454019898,
        0.7119329658342493
      ]
    },
    "confidence_intervals": null
  },
  "baseline_model": {
    "model_name": "logistic_regression",
    "metrics": {
      "roc_auc": 0.5866609406018412,
      "pr_auc": 0.23115737056688185,
      "f1": 0.3129685157421289,
      "precision": 0.1951846657316503,
      "recall": 0.7892249527410208,
      "positive_rate_actual": 0.1786407766990291,
      "positive_rate_predicted": 0.7223300970873786,
      "n_samples": 11845,
      "baseline_positive_rate": 0.1786407766990291,
      "precision_at_top_5pct": 0.28547297297297297,
      "recall_at_top_5pct": 0.07986767485822306,
      "lift_at_top_5pct": 1.5980280552291424,
      "n_at_top_5pct": 592,
      "precision_at_top_10pct": 0.27280405405405406,
      "recall_at_top_10pct": 0.15264650283553874,
      "lift_at_top_10pct": 1.5271096504112809,
      "n_at_top_10pct": 1184,
      "precision_at_top_20pct": 0.2596032081046855,
      "recall_at_top_20pct": 0.29064272211720227,
      "lift_at_top_20pct": 1.4532136105860114,
      "n_at_top_20pct": 2369
    },
    "calibration": {
      "fraction_of_positives": [
        0.11808118081180811,
        0.13303769401330376,
        0.12554744525547445,
        0.14267185473411154,
        0.1422142214221422,
        0.15046132008516677,
        0.15280135823429541,
        0.1832797427652733,
        0.2168141592920354,
        0.27364864864864863
      ],
      "mean_predicted_probability": [
        0.06739790292906171,
        0.15056428453197399,
        0.2526598173023181,
        0.354062400999251,
        0.45187257254734015,
        0.5524267772075527,
        0.6515832782609057,
        0.7513585259397133,
        0.8503884908064282,
        0.9434215596136808
      ]
    },
    "confidence_intervals": null
  },
  "comparison": {
    "roc_auc_improvement": 0.005736678544316476,
    "pr_auc_improvement": 0.0017181752316945964
  },
  "selection": {
    "selected_model_key": "extra_trees",
    "selected_model_name": "extra_trees",
    "selection_metric": "pr_auc",
    "validation_metrics": {
      "baseline": {
        "roc_auc": 0.6130631083847475,
        "pr_auc": 0.2912075682410791,
        "f1": 0.3815186423882076,
        "precision": 0.25602660016625106,
        "recall": 0.7482993197278912,
        "positive_rate_actual": 0.2171802448290418,
        "positive_rate_predicted": 0.6347615027437737,
        "n_samples": 9476,
        "baseline_positive_rate": 0.2171802448290418,
        "precision_at_top_5pct": 0.31856540084388185,
        "recall_at_top_5pct": 0.07337220602526726,
        "lift_at_top_5pct": 1.4668249457709543,
        "n_at_top_5pct": 474,
        "precision_at_top_10pct": 0.35970464135021096,
        "recall_at_top_10pct": 0.16569484936831877,
        "lift_at_top_10pct": 1.656249359297667,
        "n_at_top_10pct": 948,
        "precision_at_top_20pct": 0.3229551451187335,
        "recall_at_top_20pct": 0.29737609329446063,
        "lift_at_top_20pct": 1.4870373931706116,
        "n_at_top_20pct": 1895
      },
      "extra_trees": {
        "roc_auc": 0.6953281697842639,
        "pr_auc": 0.39311748576120514,
        "f1": 0.43557617942768756,
        "precision": 0.31949171772180623,
        "recall": 0.6841593780369291,
        "positive_rate_actual": 0.2171802448290418,
        "positive_rate_predicted": 0.46506964964119885,
        "n_samples": 9476,
        "baseline_positive_rate": 0.2171802448290418,
        "precision_at_top_5pct": 0.5464135021097046,
        "recall_at_top_5pct": 0.12585034013605442,
        "lift_at_top_5pct": 2.515944774534286,
        "n_at_top_5pct": 474,
        "precision_at_top_10pct": 0.4767932489451477,
        "recall_at_top_10pct": 0.2196307094266278,
        "lift_at_top_10pct": 2.195380382412157,
        "n_at_top_10pct": 948,
        "precision_at_top_20pct": 0.4158311345646438,
        "recall_at_top_20pct": 0.38289601554907676,
        "lift_at_top_20pct": 1.9146821336902646,
        "n_at_top_20pct": 1895
      },
      "logistic_l1": {
        "roc_auc": 0.6143042781184422,
        "pr_auc": 0.29112371650697877,
        "f1": 0.3805528134254689,
        "precision": 0.25504465762487594,
        "recall": 0.749271137026239,
        "positive_rate_actual": 0.2171802448290418,
        "positive_rate_predicted": 0.6380329252849304,
        "n_samples": 9476,
        "baseline_positive_rate": 0.2171802448290418,
        "precision_at_top_5pct": 0.31645569620253167,
        "recall_at_top_5pct": 0.0728862973760933,
        "lift_at_top_5pct": 1.4571108732824052,
        "n_at_top_5pct": 474,
        "precision_at_top_10pct": 0.35232067510548526,
        "recall_at_top_10pct": 0.16229348882410108,
        "lift_at_top_10pct": 1.6222501055877445,
        "n_at_top_10pct": 948,
        "precision_at_top_20pct": 0.31926121372031663,
        "recall_at_top_20pct": 0.29397473275024294,
        "lift_at_top_20pct": 1.4700287955363072,
        "n_at_top_20pct": 1895
      },
      "random_forest": {
        "roc_auc": 0.6820470051441598,
        "pr_auc": 0.3773931146262778,
        "f1": 0.4279586973788721,
        "precision": 0.3179136181260326,
        "recall": 0.6545189504373178,
        "positive_rate_actual": 0.2171802448290418,
        "positive_rate_predicted": 0.44712959054453355,
        "n_samples": 9476,
        "baseline_positive_rate": 0.2171802448290418,
        "precision_at_top_5pct": 0.5253164556962026,
        "recall_at_top_5pct": 0.12099125364431487,
        "lift_at_top_5pct": 2.4188040496487924,
        "n_at_top_5pct": 474,
        "precision_at_top_10pct": 0.4525316455696203,
        "recall_at_top_10pct": 0.20845481049562684,
        "lift_at_top_10pct": 2.0836685487938396,
        "n_at_top_10pct": 948,
        "precision_at_top_20pct": 0.39313984168865435,
        "recall_at_top_20pct": 0.3620019436345967,
        "lift_at_top_20pct": 1.8102007482223947,
        "n_at_top_20pct": 1895
      }
    },
    "decision_threshold": 0.52,
    "threshold_tuning": {
      "metric": "f1",
      "validation_f1": 0.440500338066261,
      "validation_precision": 0.3377397615344738,
      "validation_recall": 0.6331389698736638
    },
    "split_rows": {
      "model_train": 37902,
      "validation": 9476,
      "test": 11845
    }
  }
}