{
  "main_model": {
    "model_name": "logistic_l1",
    "metrics": {
      "roc_auc": 0.6022961599672694,
      "pr_auc": 0.2123967046122903,
      "f1": 0.300342844190066,
      "precision": 0.20732279768424347,
      "recall": 0.5447630794531813,
      "positive_rate_actual": 0.16086043550867216,
      "positive_rate_predicted": 0.4226781964583919,
      "n_samples": 60481,
      "baseline_positive_rate": 0.16086043550867216,
      "precision_at_top_5pct": 0.25496031746031744,
      "recall_at_top_5pct": 0.07924761023743447,
      "lift_at_top_5pct": 1.584978410969006,
      "n_at_top_5pct": 3024,
      "precision_at_top_10pct": 0.25049603174603174,
      "recall_at_top_10pct": 0.1557200123342584,
      "lift_at_top_10pct": 1.5572258706991207,
      "n_at_top_10pct": 6048,
      "precision_at_top_20pct": 0.23759920634920634,
      "recall_at_top_20pct": 0.29540548874498923,
      "lift_at_top_20pct": 1.4770518654750076,
      "n_at_top_20pct": 12096,
      "brier_score": 0.13363095444087983,
      "log_loss": 0.4377765445994094,
      "expected_calibration_error": 0.02292772555406328,
      "mean_predicted_probability": 0.1785677574900312,
      "observed_positive_rate": 0.16086043550867216
    },
    "raw_probability_metrics": {
      "brier_score": 0.3035615117837014,
      "log_loss": 0.8178356765713174,
      "expected_calibration_error": 0.3947027880518314,
      "mean_predicted_probability": 0.5555632235605036,
      "observed_positive_rate": 0.16086043550867216
    },
    "calibration": {
      "fraction_of_positives": [
        0.09123724172267862,
        0.11067685201634393,
        0.12609457092819615,
        0.1407758766728782,
        0.15609087348217782,
        0.16338406445837064,
        0.17075489636813082,
        0.19864102934798322,
        0.22609326800943566,
        0.25110756689704056
      ],
      "mean_predicted_probability": [
        0.07241059614461778,
        0.10755555493169298,
        0.12612383247706982,
        0.1460265256524249,
        0.16813957315134387,
        0.18196164335262763,
        0.20635324252302448,
        0.2372467373203001,
        0.26474792690534954,
        0.3178837008102374
      ],
      "strategy": "quantile"
    },
    "confidence_intervals": null
  },
  "baseline_model": {
    "model_name": "logistic_regression",
    "metrics": {
      "roc_auc": 0.5973221571695729,
      "pr_auc": 0.21001056194487955,
      "f1": 0.0012311480455524776,
      "precision": 0.3333333333333333,
      "recall": 0.0006167129201356768,
      "positive_rate_actual": 0.16086043550867216,
      "positive_rate_predicted": 0.00029761412675054975,
      "n_samples": 60481,
      "baseline_positive_rate": 0.16086043550867216,
      "precision_at_top_5pct": 0.25363756613756616,
      "recall_at_top_5pct": 0.07883646829067735,
      "lift_at_top_5pct": 1.5767554360742253,
      "n_at_top_5pct": 3024,
      "precision_at_top_10pct": 0.24801587301587302,
      "recall_at_top_10pct": 0.1541782300339192,
      "lift_at_top_10pct": 1.5418077927714067,
      "n_at_top_10pct": 6048,
      "precision_at_top_20pct": 0.23214285714285715,
      "recall_at_top_20pct": 0.28862164662349676,
      "lift_at_top_20pct": 1.4431320940340366,
      "n_at_top_20pct": 12096,
      "brier_score": 0.1339311624940858,
      "log_loss": 0.4382598232084812,
      "expected_calibration_error": 0.024287976680405977,
      "mean_predicted_probability": 0.18038537512480088,
      "observed_positive_rate": 0.16086043550867216
    },
    "raw_probability_metrics": {
      "brier_score": 0.3092190200181136,
      "log_loss": 0.8325422659101598,
      "expected_calibration_error": 0.3982093549521863,
      "mean_predicted_probability": 0.5590209550908939,
      "observed_positive_rate": 0.16086043550867216
    },
    "calibration": {
      "fraction_of_positives": [
        0.09142671221734179,
        0.10772833723653395,
        0.13374657289307426,
        0.1370338248048569,
        0.15578465063001146,
        0.167621776504298,
        0.17257462686567165,
        0.2030699547055863,
        0.2221937467965146,
        0.2511231969732797
      ],
      "mean_predicted_probability": [
        0.07159034139129648,
        0.10389042903472588,
        0.13307821173756754,
        0.15296456608326225,
        0.17284914857849518,
        0.1876733530102876,
        0.21061886649091321,
        0.23194814308588516,
        0.2686160489475761,
        0.320790982881341
      ],
      "strategy": "quantile"
    },
    "confidence_intervals": null
  },
  "comparison": {
    "roc_auc_improvement": 0.004974002797696442,
    "pr_auc_improvement": 0.0023861426674107455,
    "brier_improvement": 0.00030020805320596367
  },
  "selection": {
    "selected_model_key": "logistic_l1",
    "selected_model_name": "logistic_l1",
    "selection_metric": "pr_auc",
    "validation_metrics": {
      "baseline": {
        "roc_auc": 0.6337602808562052,
        "pr_auc": 0.24725050067182483,
        "f1": 0.3318739054290718,
        "precision": 0.21529503656891288,
        "recall": 0.723800429696825,
        "positive_rate_actual": 0.1688364032082544,
        "positive_rate_predicted": 0.5676111402200636,
        "n_samples": 49622,
        "baseline_positive_rate": 0.1688364032082544,
        "precision_at_top_5pct": 0.30995566303909716,
        "recall_at_top_5pct": 0.09178801623299117,
        "lift_at_top_5pct": 1.8358343174177703,
        "n_at_top_5pct": 2481,
        "precision_at_top_10pct": 0.2920193470374849,
        "recall_at_top_10pct": 0.17295297206970636,
        "lift_at_top_10pct": 1.7295994316894336,
        "n_at_top_10pct": 4962,
        "precision_at_top_20pct": 0.2685409109230149,
        "recall_at_top_20pct": 0.31809501074242064,
        "lift_at_top_20pct": 1.5905391599214425,
        "n_at_top_20pct": 9924,
        "brier_score": 0.27945590543126514,
        "log_loss": 0.7631056735605146,
        "expected_calibration_error": 0.36180275651440236,
        "mean_predicted_probability": 0.5306391597226567,
        "observed_positive_rate": 0.1688364032082544
      },
      "logistic_l1": {
        "roc_auc": 0.6404163934439134,
        "pr_auc": 0.25161757548098596,
        "f1": 0.3347480683425835,
        "precision": 0.21678765240679398,
        "recall": 0.7343041298639293,
        "positive_rate_actual": 0.1688364032082544,
        "positive_rate_predicted": 0.5718834387973076,
        "n_samples": 49622,
        "baseline_positive_rate": 0.1688364032082544,
        "precision_at_top_5pct": 0.31519548569125355,
        "recall_at_top_5pct": 0.09333969921222249,
        "lift_at_top_5pct": 1.8668692278552619,
        "n_at_top_5pct": 2481,
        "precision_at_top_10pct": 0.2980652962515115,
        "recall_at_top_10pct": 0.17653377894485558,
        "lift_at_top_10pct": 1.7654089437326932,
        "n_at_top_10pct": 4962,
        "precision_at_top_20pct": 0.2712615880693269,
        "recall_at_top_20pct": 0.3213177369300549,
        "lift_at_top_20pct": 1.6066534403409092,
        "n_at_top_20pct": 9924,
        "brier_score": 0.2785982668000358,
        "log_loss": 0.7604641478401226,
        "expected_calibration_error": 0.36440333418016,
        "mean_predicted_probability": 0.5332397373884143,
        "observed_positive_rate": 0.1688364032082544
      }
    },
    "decision_threshold": 0.17,
    "threshold_tuning": {
      "metric": "f1_on_calibrated_validation_probabilities",
      "validation_f1": 0.3363680279439634,
      "validation_precision": 0.24421302541412615,
      "validation_recall": 0.5402243972308427
    },
    "split_rows": {
      "model_train": 189897,
      "validation": 49622,
      "test": 60481
    },
    "split_dates": {
      "model_train": [
        "2024-01-01",
        "2024-08-06"
      ],
      "validation": [
        "2024-08-07",
        "2024-10-06"
      ],
      "test": [
        "2024-10-07",
        "2024-12-11"
      ]
    }
  },
  "calibration_selection": {
    "selected_method": "isotonic",