{
  "main_model": {
    "model_name": "random_forest",
    "metrics": {
      "roc_auc": 0.6024269699793672,
      "pr_auc": 0.21318583372154523,
      "f1": 0.30125256930012834,
      "precision": 0.21116871951899044,
      "recall": 0.5253762872986533,
      "positive_rate_actual": 0.16039949512490576,
      "positive_rate_predicted": 0.3990652186803785,
      "n_samples": 472196,
      "baseline_positive_rate": 0.16039949512490576,
      "precision_at_top_5pct": 0.24887759423972894,
      "recall_at_top_5pct": 0.07758119883813044,
      "lift_at_top_5pct": 1.5516108329762748,
      "n_at_top_5pct": 23610,
      "precision_at_top_10pct": 0.2424819991529013,
      "recall_at_top_10pct": 0.1511750726168471,
      "lift_at_top_10pct": 1.511737920147919,
      "n_at_top_10pct": 47220,
      "precision_at_top_20pct": 0.23242516333294508,
      "recall_at_top_20pct": 0.28980723527858465,
      "lift_at_top_20pct": 1.449039245117023,
      "n_at_top_20pct": 94439
    },
    "calibration": {
      "fraction_of_positives": [
        0.03636363636363636,
        0.09849353910088526,
        0.13595597358929684,
        0.19097853112747443,
        0.23915196095766877
      ],
      "mean_predicted_probability": [
        0.29344704764976987,
        0.366913139169521,
        0.44929421321516944,
        0.5495223033762886,
        0.6183024122933756
      ]
    },
    "confidence_intervals": null
  },
  "baseline_model": {
    "model_name": "logistic_regression",
    "metrics": {
      "roc_auc": 0.6105825195400778,
      "pr_auc": 0.2192007671504156,
      "f1": 0.30576891826011593,
      "precision": 0.19234019353959383,
      "recall": 0.7452865064695009,
      "positive_rate_actual": 0.16039949512490576,
      "positive_rate_predicted": 0.6215215715507967,
      "n_samples": 472196,
      "baseline_positive_rate": 0.16039949512490576,
      "precision_at_top_5pct": 0.26861499364675984,
      "recall_at_top_5pct": 0.08373382624768946,
      "lift_at_top_5pct": 1.674662338790935,
      "n_at_top_5pct": 23610,
      "precision_at_top_10pct": 0.25317662007623887,
      "recall_at_top_10pct": 0.15784261948772116,
      "lift_at_top_10pct": 1.5784128240496393,
      "n_at_top_10pct": 47220,
      "precision_at_top_20pct": 0.23837609462192527,
      "recall_at_top_20pct": 0.29722735674676526,
      "lift_at_top_20pct": 1.4861399310284478,
      "n_at_top_20pct": 94439
    },
    "calibration": {
      "fraction_of_positives": [
        0.125,
        0.06865401987353206,
        0.07848432768639005,
        0.09654188129531809,
        0.1251236344642877,
        0.1528443248542077,
        0.1869607822252519,
        0.225505220492402,
        0.2624177900512336,
        0.28408592722490134
      ],
      "mean_predicted_probability": [
        0.08331779561500594,
        0.17410731269019614,
        0.26140895206139214,
        0.35501749842882246,
        0.451984761268663,
        0.5499990617033826,
        0.6489612415970735,
        0.7461389704248216,
        0.8349895443577086,
        0.9270173140573462
      ]
    },
    "confidence_intervals": null
  },
  "comparison": {
    "roc_auc_improvement": -0.008155549560710629,
    "pr_auc_improvement": -0.006014933428870356
  },
  "selection": {
    "selected_model_key": "random_forest",
    "selected_model_name": "random_forest",
    "selection_metric": "pr_auc",
    "validation_metrics": {
      "baseline": {
        "roc_auc": 0.6425708610393159,
        "pr_auc": 0.2472176806969864,
        "f1": 0.3273389548557334,
        "precision": 0.21039242343940825,
        "recall": 0.7370001452948679,
        "positive_rate_actual": 0.16397578337396793,
        "positive_rate_predicted": 0.5744036510243358,
        "n_samples": 377757,
        "baseline_positive_rate": 0.16397578337396793,
        "precision_at_top_5pct": 0.3136912325285896,
        "recall_at_top_5pct": 0.09565245467607317,
        "lift_at_top_5pct": 1.9130339009460702,
        "n_at_top_5pct": 18888,
        "precision_at_top_10pct": 0.2956639135959339,
        "recall_at_top_10pct": 0.1803109310172255,
        "lift_at_top_10pct": 1.8030949906891691,
        "n_at_top_10pct": 37776,
        "precision_at_top_20pct": 0.27112811213617294,
        "recall_at_top_20pct": 0.33069111925479877,
        "lift_at_top_20pct": 1.6534643503902664,
        "n_at_top_20pct": 75551
      },
      "extra_trees": {
        "roc_auc": 0.6407156654119766,
        "pr_auc": 0.2477041972284475,
        "f1": 0.3303736871510625,
        "precision": 0.21994883541702345,
        "recall": 0.6634647982822918,
        "positive_rate_actual": 0.16397578337396793,
        "positive_rate_predicted": 0.49462485142565193,
        "n_samples": 377757,
        "baseline_positive_rate": 0.16397578337396793,
        "precision_at_top_5pct": 0.3205739093604405,
        "recall_at_top_5pct": 0.09775115832297435,
        "lift_at_top_5pct": 1.9550076405448866,
        "n_at_top_5pct": 18888,
        "precision_at_top_10pct": 0.3006670902160102,
        "recall_at_top_10pct": 0.1833621232423357,
        "lift_at_top_10pct": 1.8336066706283092,
        "n_at_top_10pct": 37776,
        "precision_at_top_20pct": 0.27192227766674165,
        "recall_at_top_20pct": 0.3316597517072147,
        "lift_at_top_20pct": 1.6583075382941628,
        "n_at_top_20pct": 75551
      },
      "logistic_l1": {
        "roc_auc": 0.6425976189635925,
        "pr_auc": 0.24724291434729995,
        "f1": 0.32731730572771234,
        "precision": 0.21036796078033856,
        "recall": 0.7370808646659025,
        "positive_rate_actual": 0.16397578337396793,
        "positive_rate_predicted": 0.5745333640409046,
        "n_samples": 377757,
        "baseline_positive_rate": 0.16397578337396793,
        "precision_at_top_5pct": 0.31347945785684034,
        "recall_at_top_5pct": 0.09558787917924544,
        "lift_at_top_5pct": 1.9117424012661064,
        "n_at_top_5pct": 18888,
        "precision_at_top_10pct": 0.29545213892418465,
        "recall_at_top_10pct": 0.18018178002357005,
        "lift_at_top_10pct": 1.8018034910092056,
        "n_at_top_10pct": 37776,
        "precision_at_top_20pct": 0.27131341742663895,
        "recall_at_top_20pct": 0.33091713349369584,
        "lift_at_top_20pct": 1.6545944275678421,
        "n_at_top_20pct": 75551
      },
      "random_forest": {
        "roc_auc": 0.6459074352212918,
        "pr_auc": 0.2497159492949662,
        "f1": 0.3331734109783939,
        "precision": 0.22396450197674614,
        "recall": 0.6502429653068144,
        "positive_rate_actual": 0.16397578337396793,
        "positive_rate_predicted": 0.476075890056306,
        "n_samples": 377757,
        "baseline_positive_rate": 0.16397578337396793,
        "precision_at_top_5pct": 0.3162325285895807,
        "recall_at_top_5pct": 0.0964273606380059,
        "lift_at_top_5pct": 1.9285318971056329,
        "n_at_top_5pct": 18888,
        "precision_at_top_10pct": 0.2973051673019907,
        "recall_at_top_10pct": 0.18131185121805532,
        "lift_at_top_10pct": 1.8131041132088872,
        "n_at_top_10pct": 37776,
        "precision_at_top_20pct": 0.275853397043057,
        "recall_at_top_20pct": 0.3364544823466736,
        "lift_at_top_20pct": 1.6822813184184506,
        "n_at_top_20pct": 75551
      }
    },
    "decision_threshold": 0.52,
    "threshold_tuning": {
      "metric": "f1",
      "validation_f1": 0.33585299527738904,
      "validation_precision": 0.23649067299452903,
      "validation_recall": 0.5792099187963128
    },
    "split_rows": {
      "model_train": 1511025,
      "validation": 377757,
      "test": 472196
    }
  }
}