{
  "release": "1.5.0",
  "main_model": {
    "model_name": "extra_trees",
    "metrics": {
      "roc_auc": 0.6178689018347625,
      "pr_auc": 0.23857755817689355,
      "f1": 0.24603629417383,
      "precision": 0.2728042925727196,
      "recall": 0.22405195407630754,
      "positive_rate_actual": 0.1709115414346025,
      "positive_rate_predicted": 0.14036826353239648,
      "n_samples": 50453,
      "baseline_positive_rate": 0.1709115414346025,
      "precision_at_top_5pct": 0.2893380895759017,
      "recall_at_top_5pct": 0.08465731184042677,
      "lift_at_top_5pct": 1.6929113572275274,
      "n_at_top_5pct": 2523,
      "precision_at_top_10pct": 0.2800792864222002,
      "recall_at_top_10pct": 0.163864084425374,
      "lift_at_top_10pct": 1.638738285731099,
      "n_at_top_10pct": 5045,
      "precision_at_top_20pct": 0.26261024675453376,
      "recall_at_top_20pct": 0.3073176388727821,
      "lift_at_top_20pct": 1.5365272851103435,
      "n_at_top_20pct": 10091,
      "brier_score": 0.13845021442812538,
      "log_loss": 0.4461387844998992,
      "expected_calibration_error": 0.012977091706419383,
      "mean_predicted_probability": 0.1586329225926881,
      "observed_positive_rate": 0.1709115414346025
    },
    "confidence_intervals": {
      "roc_auc": {
        "mean": 0.6170480353930516,
        "lower": 0.6038081077797635,
        "upper": 0.627638716258858,
        "samples": 100,
        "frequency": "week",
        "blocks": 12
      },
      "pr_auc": {
        "mean": 0.23970306123441149,
        "lower": 0.2035658252199813,
        "upper": 0.2813037234927336,
        "samples": 100,
        "frequency": "week",
        "blocks": 12
      },
      "brier_score": {
        "mean": 0.13820497470217882,
        "lower": 0.12155900545628828,
        "upper": 0.1558438291196454,
        "samples": 100,
        "frequency": "week",
        "blocks": 12
      },
      "expected_calibration_error": {
        "mean": 0.016892558673250388,
        "lower": 0.00437556495390315,
        "upper": 0.03903608530385402,
        "samples": 100,
        "frequency": "week",
        "blocks": 12
      },
      "lift_at_top_10pct": {
        "mean": 1.6345620937479324,
        "lower": 1.5095970606759468,
        "upper": 1.7510134439707592,
        "samples": 100,
        "frequency": "week",
        "blocks": 12
      }
    }
  },
  "baseline_model": {
    "model_name": "sgd_numeric_logistic_baseline",
    "metrics": {
      "roc_auc": 0.5672730175919833,
      "pr_auc": 0.2031601187363715,
      "f1": 0.019079312257348862,
      "precision": 0.2193877551020408,
      "recall": 0.00997332714832425,
      "positive_rate_actual": 0.1709115414346025,
      "positive_rate_predicted": 0.007769607357342477,
      "n_samples": 50453,
      "baseline_positive_rate": 0.1709115414346025,
      "precision_at_top_5pct": 0.22711058263971462,
      "recall_at_top_5pct": 0.06645019134871855,
      "lift_at_top_5pct": 1.3288194625909222,
      "n_at_top_5pct": 2523,
      "precision_at_top_10pct": 0.22576808721506442,
      "recall_at_top_10pct": 0.13208860025513164,
      "lift_at_top_10pct": 1.3209645487952737,
      "n_at_top_10pct": 5045,
      "precision_at_top_20pct": 0.21821425032206918,
      "recall_at_top_20pct": 0.2553635625652325,
      "lift_at_top_20pct": 1.276767200684142,
      "n_at_top_20pct": 10091,
      "brier_score": 0.1461791916599609,
      "log_loss": 0.48376937524492564,
      "expected_calibration_error": 0.07367784698051016,
      "mean_predicted_probability": 0.09769695293494271,
      "observed_positive_rate": 0.1709115414346025
    }
  },
  "operational_policy": {
    "release": "1.5.0",
    "model_family_frozen_from": "v1.2.0 candidate selection",
    "policy_frozen_from": "v1.3.0 operational policy",
    "selected_model_key": "extra_trees",
    "selected_model_name": "extra_trees",
    "selected_policy": {
      "policy_name": "top_10pct_capacity",
      "capacity_fraction": 0.1,
      "probability_cutoff": 0.2302271426499157,
      "cutoff_role": "single-flight reference; batch decisions use exact top-k capacity"
    },
    "calibration": {
      "selected_method": "sigmoid",
      "candidate_metrics_on_later_holdout": {
        "identity": {
          "brier_score": 0.18292942621561878,
          "log_loss": 0.5515475412953218,
          "expected_calibration_error": 0.24585083644020594,
          "mean_predicted_probability": 0.39062209912124973,
          "observed_positive_rate": 0.14477126268104384
        },
        "sigmoid": {
          "brier_score": 0.12053073572440888,
          "log_loss": 0.3998698994529432,
          "expected_calibration_error": 0.010259192391413716,
          "mean_predicted_probability": 0.1549984917486579,
          "observed_positive_rate": 0.14477126268104384
        },
        "isotonic": {
          "brier_score": 0.12055975054795973,
          "log_loss": 0.4007450203454665,
          "expected_calibration_error": 0.011306078586581572,
          "mean_predicted_probability": 0.15515713076067456,
          "observed_positive_rate": 0.14477126268104384
        }
      },
      "fit_dates": [
        "2024-09-05",
        "2024-09-26"
      ],
      "selection_dates": [
        "2024-09-27",
        "2024-10-18"
      ],
      "full_dates": [
        "2024-09-05",
        "2024-10-18"
      ],
      "fit_rows": 15355,
      "selection_rows": 15673,
      "full_rows": 31028,
      "capacity_policy_on_holdout": {
        "policy_name": "top_10pct_capacity",
        "threshold": 0.22759707955085312,
        "selected_count": 1568,
        "selected_share": 0.10004466279589103,
        "precision": 0.257015306122449,
        "recall": 0.17761128250330543,
        "lift": 1.7753199175218788,
        "true_positives": 403,
        "false_positives": 1165,
        "false_negatives": 1866,
        "true_negatives": 12239,
        "net_utility": -1637.75,
        "utility_per_flight": -0.10449499138646079
      },
      "cost_sensitive_policy_on_holdout": {
        "policy_name": "cost_sensitive_threshold",
        "threshold": 0.1827252150320906,
        "selected_count": 4545,
        "selected_share": 0.2899891533209979,
        "precision": 0.2228822882288229,
        "recall": 0.4464521815777876,
        "lift": 1.539547863997506,
        "true_positives": 1013,
        "false_positives": 3532,
        "false_negatives": 1256,
        "true_negatives": 9872,
        "net_utility": -772.8,
        "utility_per_flight": -0.04930772666368914
      },
      "policy_frontier_on_holdout": [
        {
          "policy_name": "top_1pct_capacity",
          "threshold": 0.30416913468872175,
          "selected_count": 157,
          "selected_share": 0.01001722707841511,
          "precision": 0.24203821656050956,
          "recall": 0.016747465843984136,
          "lift": 1.671866446960276,
          "true_positives": 38,
          "false_positives": 119,
          "false_negatives": 2231,
          "true_negatives": 13285,
          "net_utility": -2210.85,
          "utility_per_flight": -0.14106106042238242
        },
        {
          "policy_name": "top_5pct_capacity",
          "threshold": 0.2521692417465916,
          "selected_count": 784,
          "selected_share": 0.05002233139794551,
          "precision": 0.25510204081632654,
          "recall": 0.08814455707360071,
          "lift": 1.7621041364981427,
          "true_positives": 200,
          "false_positives": 584,
          "false_negatives": 2069,
          "true_negatives": 12820,
          "net_utility": -1956.6,
          "utility_per_flight": -0.12483889491482167
        },
        {
          "policy_name": "top_10pct_capacity",
          "threshold": 0.22759707955085312,
          "selected_count": 1568,
          "selected_share": 0.10004466279589103,
          "precision": 0.257015306122449,
          "recall": 0.17761128250330543,
          "lift": 1.7753199175218788,
          "true_positives": 403,